id,name,parentid,level,facility_level,administration_name
24522,Ziwa La Ng'ombe MC,13655176,5,1,Ziwa La Ng'ombe (Nyali)
22838,Young Muslim Dispensary,13615422,5,1,Iftin (Garissa)
24520,Yeshua Medical,13613639,5,1,Shanzu (Kisauni)
24663,Wusi-Wutesia (ACK) Disp,13613637,5,1,Wusi/Kishamba (Mwatate)
24662,Wundanyi Hospital,13609839,5,1,Wundanyi/Mbale (Wundanyi)
22837,Women Care Clinic,13615422,5,1,Iftin (Garissa)
24661,Wesu Sub County Hospital,13609839,5,1,Wundanyi/Mbale (Wundanyi)
24254,Westland Health Care Serv,13612223,5,1,Miritini (Jomvu)
23009,Wesley Health Centre,13615680,5,1,Lanet/Umoja (Nakuru North)
24660,Werugha H/C,13609813,5,1,Werugha (Wundanyi)
24519,Wema  Medical Clini,13613488,5,1,Junda (Kisauni)
24251,Wayani MC (Changamwe),13615806,5,1,Airport (Changamwe)
23929,Watamu (SDA) Dispensary,13617053,5,1,Dabaso (Kilifi North)
23933,Watamu Hospital,13617053,5,1,Dabaso (Kilifi North)
23930,Watamu Community HC,13617065,5,1,Watamu (Kilifi North)
22890,Wargadud Health centre,13616271,5,1,Wargudud (Mandera South)
22927,Warankara Health Centre,15240359,5,1,Waranqara (Lafey)
22836,Wananchi Medical Clinic (Garissa),13615426,5,1,Township (Garissa)
23028,Wajir County Referral Hospital,13618531,5,1,Wagberi (Wajir East)
23027,Wajir Bor Health Centre,13618525,5,1,Khorof/Harar (Wajir East)
23026,Wagberi Dispensary,13618531,5,1,Wagberi (Wajir East)
23077,Wagalla Health Centre,13612324,5,1,Ganyure/Wagalla (Wajir West)
23983,Waa Dispensary,6592543,5,1,Waa Ng'ombeni (Matuga)
23982,Vyongwani Dispensary,6592529,5,1,Tsimba Golini (Matuga)
24659,Voi Sisal,13612438,5,1,Mbololo (Voi)
23824,Vitengeni Health Centre,13617090,5,1,Sokoke (Ganze)
23756,Vishakani Dispensary,13617040,5,1,Kaloleni (Kaloleni)
23823,Vipingo Health Centre,13617067,5,1,Junju (Kilifi South)
23960,Vigurungani Dispensary,6592414,5,1,Puma (Kinango)
24012,Vanga Health Centre,6592477,5,1,Vanga (Lunga Lunga)
23822,Uzima Medical Clinic (Kilifi),13617056,5,1,Matsangoni (Kilifi North)
24055,Uzima Mc (mpeketoni),13615294,5,1,Bahari (Lamu West)
22834,Utawala Dispensary,13615420,5,1,Galbet (Garissa)
24513,Utange Dispensary,13613639,5,1,Shanzu (Kisauni)
24248,Upendo MC (Kilindini),13615806,5,1,Airport (Changamwe)
24010,Ukunda Medical Centre,6592508,5,1,Ukunda (Msambweni)
24539,Turkwel Health Centre (Loima,13615832,5,1,Turkwel (Loima)
24244,Tumaini MC (Kilindini),13615806,5,1,Airport (Changamwe)
24511,Tudor Health Care,13613648,5,1,Tudor (Mvita)
22961,Tudor District Hospital,13613648,5,1,Tudor (Mvita)
23754,Tsangatsini Dispensary,13617043,5,1,Kayafungo (Kaloleni)
24210,Travellers Medical Clinic,13615814,5,1,Changamwe (Changamwe)
23925,Town Centre Clinic,13617083,5,1,Malindi Town (Malindi)
22960,Tononoka AP Dispensary (T,13613644,5,1,Tononoka (Mvita)
23981,Tiwi RHTC,6592559,5,1,Tiwi (Matuga)
23341,Tinga Health Centre,13610636,5,1,Bosamaro (Nyamira)
23146,Timboiywo Dispensary,13615976,5,1,Sacho (Baringo Central)
24209,Thureya Medical Clinic,13615806,5,1,Airport (Changamwe)
23819,Tezo C. Health Care,13617062,5,1,Tezo (Kilifi North)
23144,Tenges  Health Centre,13615993,5,1,Tenges (Baringo Central)
23145,Tebei Dispensary,13611679,5,1,Marigat (Marigat)
24054,Tchundwa Dispensary,13610616,5,1,Faza (Lamu East)
23923,Tawheed Dispensary,13617083,5,1,Malindi Town (Malindi)
24008,Tawakal Clinic,6592506,5,1,Ramisi (Msambweni)
23958,Taru Dispensary,6592420,5,1,Mackinon Road (Kinango)
23025,Tarbaj Health Centre,13633643,5,1,Tarbaj (Tarbaj)
23725,Taragai Dispensary,13616536,5,1,Ntimaru East (Kuria East)
23143,Talai  Dispensary,13615917,5,1,Ewalel/Chapchap (Baringo Central)
23817,Takaungu Dispensary,13617058,5,1,Mnarani (Kilifi North)
22938,Takaba Nomadic Mobile,13613322,5,1,Takaba (Mandera West)
24207,Sunshine Medical Clinic,13615806,5,1,Airport (Changamwe)
22925,Sunrise MC (Mandera East),13612551,5,1,Township (Mandera East)
22833,Sunnah (Garissa),13615420,5,1,Galbet (Garissa)
23008,Subukia SCH,13612557,5,1,Subukia (Subukia)
24205,St Valeria Medical Clinic,13615814,5,1,Changamwe (Changamwe)
23339,St Ruth Clinic,13609401,5,1,Kiabonyoru (Borabu)
23916,St Peter's Hospital,13617081,5,1,Shella (Malindi)
23915,St Paul's MC (Malindi),13617085,5,1,Kakuyuni (Malindi)
24556,St Patrick Kanamkemer Dispensary,13612522,5,1,Kanamkemer (Turkana Central)
24555,St Monica Nakwamekwi Dispensary,13612528,5,1,Lodwar Township (Turkana Central)
22643,St Michael (Miaani) Mission Dispensary,13615241,5,1,Kola (Kalama)
23914,St Marys Msabaha Cath Dis,13617084,5,1,Ganda (Malindi)
22713,St Mary's Hospital (Gilgil),13613368,5,1,Gilgil (Gilgil)
24201,St Margaret MC,13615806,5,1,Airport (Changamwe)
23753,St Luke's Mission H. (Kal,13617040,5,1,Kaloleni (Kaloleni)
24657,St Joseph's Shelter Of Ho,13612438,5,1,Mbololo (Voi)
22642,St Joseph's Dispensary (Machakos),13615240,5,1,Kalama (Kalama)
24007,St Joseph Maledi Clinic,9203873,5,1,Mwereni (Lunga Lunga)
23340,St. John's Nyabite,13610645,5,1,Nyamaiya (Nyamira)
23007,St John Cottage Health Ce,13615670,5,1,Bahati (Nakuru North)
24198,St Hillarias MC,13615810,5,1,Chaani (Changamwe)
24196,St Grace Medical Clinic,13615810,5,1,Chaani (Changamwe)
24195,St Emmanuel MC,13615806,5,1,Airport (Changamwe)
24508,St Elizabeth Clinic,13613494,5,1,Mjambere (Kisauni)
24193,St Charles C (Kilindini),13615806,5,1,Airport (Changamwe)
24553,St Catherine Napetet Dispensary,13612528,5,1,Lodwar Township (Turkana Central)
23912,St Bennedticto HC,13617073,5,1,Sabaki (Magarini)
24552,St Augustine YFC,13612528,5,1,Lodwar Township (Turkana Central)
22958,State House Dispensary (M,13613641,5,1,Mji Wa Kale/Makadara (Mvita)
23979,Star Of Good Hope MC,6592559,5,1,Tiwi (Matuga)
23919,Star Hospital,13617083,5,1,Malindi Town (Malindi)
23006,St Antony Health Centre,13615679,5,1,Kiamaina (Nakuru North)
24192,St Ann's Medical Clinic,26407644,5,1,Port Reitz (Changamwe)
23911,St Anne Catholic Dispensary (Mida),13617053,5,1,Dabaso (Kilifi North)
23910,St Andrews Medical Clinic,13617074,5,1,Gongoni (Magarini)
23918,StanBridge Care Centre,13617083,5,1,Malindi Town (Malindi)
23928,Sosobora Dispensary,13617087,5,1,Jilore (Malindi)
23813,Sokoke Dispensary,13617091,5,1,Ganze (Ganze)
23142,Sogon  Dispensary,13611679,5,1,Marigat (Marigat)
24191,Single Cell MC,13615806,5,1,Airport (Changamwe)
22832,Simaho Maternity Home,13615420,5,1,Galbet (Garissa)
22831,Simaho Clinic,13615427,5,1,Waberi (Garissa)
23908,Siloam MC (Malindi),13617083,5,1,Malindi Town (Malindi)
23907,Silmilani Medical Clinic,13617074,5,1,Gongoni (Magarini)
23957,Silaloni Dispensary,6592437,5,1,Chengoni/Samburu (Kinango)
23724,Siabai Makonge Dispensary,13616536,5,1,Ntimaru East (Kuria East)
24497,Shukran Medical Clinic,13655114,5,1,Kongowea (Nyali)
24006,Shimoni Dispensary,6592443,5,1,Pongwe/Kikokeni (Lunga Lunga)
22830,Shimbrey Dispensary,13615424,5,1,Sankuri (Garissa)
24494,Shiloh Medical Clinic,13655265,5,1,Frere Town (Nyali)
24051,Shella Dispensary,13615314,5,1,Shella (Lamu West)
24656,Shelemba Dispensary,13613631,5,1,Ronge (Mwatate)
24493,Shanzu Teachers College C,13613639,5,1,Shanzu (Kisauni)
22875,Shantaabaq Health Centre (Lagdera),13614784,5,1,Goreale (Lagdera)
23075,Shanta Abaq ,13612324,5,1,Ganyure/Wagalla (Wajir West)
23752,Shangia Dispensary,13617042,5,1,Mariakani (Kaloleni)
24491,Shalom Health Services,13655362,5,1,Mkomani (Nyali)
22639,Shalom Community Hospital (Machakos),13615255,5,1,Machakos Central (Machakos)
23141,Seretunin Health Centre,13615917,5,1,Ewalel/Chapchap (Baringo Central)
24490,Senior Staff MC,13613641,5,1,Mji Wa Kale/Makadara (Mvita)
23906,Sea Breeze Medical Clinic,13617081,5,1,Shella (Malindi)
22638,School For The Deaf (Machakos),13615255,5,1,Machakos Central (Machakos)
24489,Scans Nursing Home,13613494,5,1,Mjambere (Kisauni)
24186,Sau Health Services,13613977,5,1,Likoni (Likoni)
23023,Sarman Dispensary,13612627,5,1,Sarman (Tarbaj)
22874,Saretho Health centre,13613953,5,1,Abakaile (Dadaab)
23905,San Marco Projectl Clinic,13617074,5,1,Gongoni (Magarini)
22829,Sankuri Health Centre,13615424,5,1,Sankuri (Garissa)
22849,Sangole Dispensary,13615258,5,1,Ijara (Ijara)
24655,Sangeroko Dispensary,13609813,5,1,Werugha (Wundanyi)
22698,Sangailu Health Centre,13616767,5,1,Sangailu (Hulugho)
23140,Sandai Dispensary,13611680,5,1,Mochongoi (Marigat)
23337,Samora Medical Clinic,13618570,5,1,Ekerenyo (Nyamira North)
23956,Samburu Medical Centre,6592437,5,1,Chengoni/Samburu (Kinango)
24479,Samba Medical Clinic,13655265,5,1,Frere Town (Nyali)
23139,Salawa Health Centre,13615935,5,1,Kabarnet (Baringo Central)
23138,Salawa Catholic Mission,13615935,5,1,Kabarnet (Baringo Central)
24654,Sagala Health Centre,13612442,5,1,Sagala (Voi)
23135,Sacho school Dispensary,13615976,5,1,Sacho (Baringo Central)
23061,Sabuli Nomadic Dispensary,13618447,5,1,Benane (Wajir South)
22693,Sabuli Health Centre,13618447,5,1,Benane (Wajir South)
23903,Sabaki Dispensary,13617073,5,1,Sabaki (Magarini)
22848,Ruqa Dispensary,13615258,5,1,Ijara (Ijara)
24652,Rumangao Dispensary,13612442,5,1,Sagala (Voi)
23902,Royal Health Care,13617081,5,1,Shella (Malindi)
22924,Rowla Medical Clinic,13612551,5,1,Township (Mandera East)
23764,Roka Medical Clinic,13617056,5,1,Matsangoni (Kilifi North)
23812,Roka Maweni Dispensary,13617056,5,1,Matsangoni (Kilifi North)
23119,Riwo  Dispensary,13615917,5,1,Ewalel/Chapchap (Baringo Central)
23336,Riongige Dispensary,13610636,5,1,Bosamaro (Nyamira)
24651,Riflot Medical Clinic,13612438,5,1,Mbololo (Voi)
23335,Riechieri Health Centre,13618570,5,1,Ekerenyo (Nyamira North)
23751,Ribe Dispensary,13617049,5,1,Kambe/Ribe (Rabai)
22888,RD H/CENTRE,13614997,5,1,Rhamu Dimtu (Mandera North)
23333,Rangenyo Health Centre,13610645,5,1,Nyamaiya (Nyamira)
23899,Rainbow Community Care,13617073,5,1,Sabaki (Magarini)
24050,Rafiki Clinic,13615298,5,1,Hindi (Lamu West)
23750,Rabai Health Centre,13617047,5,1,Rabai/Kisurutini (Rabai)
23046,Qudama Dispensary,13616233,5,1,Danaba (Wajir North)
23810,Pwani Medical Centre,13617061,5,1,Sokoni (Kilifi North)
24179,PSCH,13615806,5,1,Airport (Changamwe)
24181,Precious Seed Clinic,13615806,5,1,Airport (Changamwe)
24180,Port Reitz MTC Dispensary,13615806,5,1,Airport (Changamwe)
23020,Port Health Disp (Wajir E,13618531,5,1,Wagberi (Wajir East)
24178,Port Health Disp (Kilindi,13615806,5,1,Airport (Changamwe)
22826,Police Line (Garissa),13615426,5,1,Township (Garissa)
23019,Plaza Nurning Home,13618525,5,1,Khorof/Harar (Wajir East)
23809,Pingilikani Dispensary,13617070,5,1,Mwarakaya (Kilifi South)
24176,Pendo MC (Kilindini),13615806,5,1,Airport (Changamwe)
24049,Patte Dispensary,13610616,5,1,Faza (Lamu East)
24048,Pandanguo Dispensary,13615315,5,1,Witu (Lamu West)
24175,Pamar Medical Clinic,13613494,5,1,Mjambere (Kisauni)
24473,Palani Health Care Clinic,13613490,5,1,Magogoni (Kisauni)
23808,Palakumi Dispensary,13617092,5,1,Jaribuni (Ganze)
24047,Pablo Hortsman HC,13615306,5,1,Mkomani (Lamu West)
22705,Oserian Health Centre,13612507,5,1,Olkaria (Naivasha)
23016,Orahey Medical Clinic,13618525,5,1,Khorof/Harar (Wajir East)
22704,Ol-Jorai H/C,13613340,5,1,Mbaruk/Eburu (Gilgil)
23118,Ol-Arabel Dispensary,13611680,5,1,Mochongoi (Marigat)
23044,Ogorji Dispensary,13616230,5,1,Bute (Wajir North)
23331,Ogango Health Centre,13610626,5,1,Bogichora (Nyamira)
23849,Odhiambo Surgery(Buni MC),13617083,5,1,Malindi Town (Malindi)
23827,Oasis Medical Center,13617072,5,1,Shimo La Tewa (Kilifi South)
22637,Nzaini Dispensary,13615241,5,1,Kola (Kalama)
24174,Nyumbani Medical Clinic,13615806,5,1,Airport (Changamwe)
23330,Nyansangio Dispensary,13610645,5,1,Nyamaiya (Nyamira)
23329,Nyansabakwa Health Centre,13610645,5,1,Nyamaiya (Nyamira)
23327,Nyamusi Sub-District  Hosp,13618567,5,1,Bokeira (Nyamira North)
22691,Nyamira County Refferal Hospital,13610653,5,1,Township (Nyamira)
23723,Nyametembe Dispensary,13616535,5,1,Ntimaru West (Kuria East)
24265,Nyali Health Care Limited,13655176,5,1,Ziwa La Ng'ombe (Nyali)
24471,Nyali Barracks Dispensary,13655362,5,1,Mkomani (Nyali)
23722,Nyaitara Dispensary,13616531,5,1,Nyabasi West (Kuria East)
23323,Nyabite Clinic,13610645,5,1,Nyamaiya (Nyamira)
23322,Nyabikomu Dispensary,13609401,5,1,Kiabonyoru (Borabu)
23807,Nuru Health Care Centre,13617072,5,1,Shimo La Tewa (Kilifi South)
23721,Ntimaru Sub County Hospital,13616535,5,1,Ntimaru West (Kuria East)
24470,Nguuni Health Centre,13613496,5,1,Mtopanga (Kisauni)
23898,Ngomeni Disp ,13617074,5,1,Gongoni (Magarini)
23116,Ngetmoi  Dispensary,13615935,5,1,Kabarnet (Baringo Central)
23826,New Wananchi Maternity and  Nursing Home,13617061,5,1,Sokoni (Kilifi North)
22635,New Ngei Road Nursing Home,13615255,5,1,Machakos Central (Machakos)
23897,Neema MC (Malindi),13617073,5,1,Sabaki (Magarini)
22919,Neboi Dispensary,13612536,5,1,Neboi (Mandera East)
24649,Ndovu Health Centre,13612434,5,1,Kaloleni (Voi)
24566,Naoros Dispensary,13612525,5,1,Kang'atotha (Turkana Central)
22732,Nanighi Health centre,13616365,5,1,Nanighi (Fafi)
24538,Namukuse Dispensary,13612525,5,1,Kang'atotha (Turkana Central)
24545,Namoruputh (PAG) Health Centre,13615821,5,1,Loima (Loima)
24565,Nameyana Dispensary,13615832,5,1,Turkwel (Loima)
22703,Naivasha Max,13612509,5,1,Viwandani (Naivasha)
22646,Naivasha District Hospital,13612509,5,1,Viwandani (Naivasha)
24564,Nadoto Dispensary,13612527,5,1,Kerio Delta (Turkana Central)
24550,Nadapal PHC Programme,13615832,5,1,Turkwel (Loima)
23890,Mzalendo Medical Clinic,13617083,5,1,Malindi Town (Malindi)
24469,Mwembe Tayari Staff Clini,13613640,5,1,Majengo (Mvita)
23894,Mwavizi Community H/C,13617073,5,1,Sabaki (Magarini)
24646,Mwatate Sub- Hosp,13613623,5,1,Chawia (Mwatate)
24644,Mwashuma Dispensary (CDF),13613618,5,1,Bura(Mwatate) (Mwatate)
23976,Mwapala Dispensary,6592571,5,1,Kubo South (Matuga)
24004,Mwangulu Dispensary,9203873,5,1,Mwereni (Lunga Lunga)
24468,Mwangaza MC (Mombasa),13655266,5,1,Kadzandani (Nyali)
23893,Mwangatini Dispensary,13617076,5,1,Magarini (Magarini)
24643,Mwanda Disp (Taita Tavet,13609799,5,1,Mwanda/Mgange (Wundanyi)
23952,Mwanda Dispensary,6592427,5,1,Mwavumbo (Kinango)
24003,Mwananyamala Dispensary (CDF),9203871,5,1,Dzombo (Lunga Lunga)
24467,Mwakirunge Dispensary,13613820,5,1,Mwakirunge (Kisauni)
23951,Mwachinga Dispensary,6538637,5,1,Kinango (Kinango)
24002,Mwachande Medical Clinic,6592506,5,1,Ramisi (Msambweni)
23950,Mwabila Dispensary,6592427,5,1,Mwavumbo (Kinango)
24641,Mvono,13609839,5,1,Wundanyi/Mbale (Wundanyi)
23891,Muyeye Health Centre (Municipal),13617081,5,1,Shella (Malindi)
22634,Muvuti Dispensary,13615251,5,1,Muvuti/Kiima-kimwe (Machakos)
22633,Muumandu Health Centre,13615241,5,1,Kola (Kalama)
23795,Muryachakwe Dispensary,13617090,5,1,Sokoke (Ganze)
24045,Mugos Clinic,13615294,5,1,Bahari (Lamu West)
22632,Mua Hills Dispensary,13615244,5,1,Mua (Machakos)
23804,Mtwapa Nursing Home,13617072,5,1,Shimo La Tewa (Kilifi South)
23803,Mtwapa Health Centre,13617072,5,1,Shimo La Tewa (Kilifi South)
24170,Mtongwe   Dispensary,13614771,5,1,Mtongwe (Likoni)
23802,Mtondia Medical Clinic,13617062,5,1,Tezo (Kilifi North)
23798,Mt Harmony  Clinic,13617072,5,1,Shimo La Tewa (Kilifi South)
23800,Mtepeni Dispensary,13617068,5,1,Mtepeni (Kilifi South)
23889,Mtangani Medical Clinic,13617083,5,1,Malindi Town (Malindi)
23799,Mtaani M Clinic,13617061,5,1,Sokoni (Kilifi North)
23949,Mtaa Dispensary,6592410,5,1,Kasemeni (Kinango)
23797,Msumarini Medical Clinic,13617068,5,1,Mtepeni (Kilifi South)
23973,Msulwa Dispensary,6592529,5,1,Tsimba Golini (Matuga)
24169,Msikiti noor,13615814,5,1,Changamwe (Changamwe)
24640,Msau Dispensary,13613631,5,1,Ronge (Mwatate)
24000,Msambweni County Refferal Hospital,6592506,5,1,Ramisi (Msambweni)
23749,MRS - 77 Artillery Battal,13617042,5,1,Mariakani (Kaloleni)
24638,Mpinzinyi Health Centre,13613637,5,1,Wusi/Kishamba (Mwatate)
24044,Mpeketoni Hospital,13615294,5,1,Bahari (Lamu West)
24043,Mpeketoni Health SC,13615294,5,1,Bahari (Lamu West)
24637,Mount View Clinic,13612434,5,1,Kaloleni (Voi)
23320,Motontera Dispensary,13610645,5,1,Nyamaiya (Nyamira)
24168,Mother Teresa MC,13615806,5,1,Airport (Changamwe)
24167,Mother Amadea Health Centre,13612222,5,1,Mikindani (Jomvu)
23319,Mongorisi Health Centre,13610626,5,1,Bogichora (Nyamira)
24042,Mokowe Health Centre,13615298,5,1,Hindi (Lamu West)
24165,Moi Airport Dispensary,13615806,5,1,Airport (Changamwe)
22873,Modogashe Sub-County Hospital,13614793,5,1,Modogashe (Lagdera)
24634,Modambogho Dispensary,13613629,5,1,Mwatate (Mwatate)
24041,Moa Dispensary,13615315,5,1,Witu (Lamu West)
23948,Mnyenzeni Health Centre,6592410,5,1,Kasemeni (Kinango)
24463,Mlaleo Medical Clinic,13613490,5,1,Magogoni (Kisauni)
23998,Mkwiro Dispensary,6592443,5,1,Pongwe/Kikokeni (Lunga Lunga)
24040,Mkunumbi Dispensary,13615312,5,1,Mkunumbi (Lamu West)
24039,Mkokoni Dispensary,13610621,5,1,Kiunga (Lamu East)
23947,Mkang'ombe  Dispensary,6538688,5,1,Ndavaya (Kinango)
23997,Mivumoni Catholic,6592506,5,1,Ramisi (Msambweni)
23793,Mission MC (Bahari),13617061,5,1,Sokoni (Kilifi North)
24038,Mission K Clinic,13615294,5,1,Bahari (Lamu West)
24461,Mishomomoroni Community Medical Centre,13613490,5,1,Magogoni (Kisauni)
24161,Miritini Dispensary (CDF),13612223,5,1,Miritini (Jomvu)
24160,Miranga Medical Clinic,13615806,5,1,Airport (Changamwe)
24159,Mikindani Medical Centre.,13612222,5,1,Mikindani (Jomvu)
24158,Mikindani Catholic,13612222,5,1,Mikindani (Jomvu)
24155,Mikanjuni Family Clinic,13612221,5,1,Jomvu Kuu (Jomvu)
23790,Midoina Dispensary,13617088,5,1,Bamba (Ganze)
23789,Michaela Denis MC,13617067,5,1,Junju (Kilifi South)
24633,Miasenyi Dispensary,16648209,5,1,Marungu (Voi)
24631,Mgange Dawida Model Health Centre,13609799,5,1,Mwanda/Mgange (Wundanyi)
23748,Mgamboni Dispensary,13617040,5,1,Kaloleni (Kaloleni)
24458,Mewa Hospital,13613640,5,1,Majengo (Mvita)
23060,Meri Health Centre,13618457,5,1,Habasswein (Wajir South)
24153,Medicalina Medical Clinic,13615806,5,1,Airport (Changamwe)
24152,Medical Clinic (Likoni),13614771,5,1,Mtongwe (Likoni)
24151,Mecca Medical Clinic,13615806,5,1,Airport (Changamwe)
23996,Mbuwani Dispensary,6592507,5,1,Gambato Bongwe (Msambweni)
24629,Mbulia Dispensary,13612440,5,1,Ngolia (Voi)
24628,Mbale Health Centre,13609839,5,1,Wundanyi/Mbale (Wundanyi)
23969,Mazumalume Disp,6592529,5,1,Tsimba Golini (Matuga)
23946,Mazeras Health centre,6592410,5,1,Kasemeni (Kinango)
23921,Maweni Community H/C,13617081,5,1,Shella (Malindi)
24457,Maunguja Dispensary,13613820,5,1,Mwakirunge (Kisauni)
23968,Matuga Dispensary,6592543,5,1,Waa Ng'ombeni (Matuga)
23317,Matongo Health Centre,13618567,5,1,Bokeira (Nyamira North)
22720,Matayos Health Centre,13618405,5,1,Matayos South (Matayos)
23719,Matare SDA Dispensary,13616535,5,1,Ntimaru West (Kuria East)
23786,Maryango Medical,13617088,5,1,Bamba (Ganze)
24626,Marungu Dispensary,16648209,5,1,Marungu (Voi)
23884,Marikebuni Dispensary,13617076,5,1,Magarini (Magarini)
24454,Marie Stops N&MH(Mombasa),13613642,5,1,Shimanzi/Ganjoni (Mvita)
24453,Marie Stops Disp (Kisauni,13655114,5,1,Kongowea (Nyali)
23883,Marie Stopes KC (Malindi),13617083,5,1,Malindi Town (Malindi)
23747,Mariakani Sub-county Hospital,13617042,5,1,Mariakani (Kaloleni)
23882,Marereni Medical Clinic,13617077,5,1,Adu (Magarini)
23881,Marereni Dispensary,13617077,5,1,Adu (Magarini)
23880,Marafa Health Centre,13617078,5,1,Marafa (Magarini)
24625,Manyani Dispensary,13612440,5,1,Ngolia (Voi)
22998,Mansa Health Centre,13612567,5,1,Elben (Tarbaj)
22731,Mansabubu Health Centre,13616357,5,1,Bura (Fafi)
24624,Manoa dispensary,13613623,5,1,Chawia (Mwatate)
24034,Mangai Dispensary,13610614,5,1,Basuba (Lamu East)
22937,Mandera west Sub-county Hospital,13613322,5,1,Takaba (Mandera West)
23865,Mamujee Medical Clinic,13617083,5,1,Malindi Town (Malindi)
22936,Malkamari Health Centre,13613474,5,1,Malkamari (Banissa)
23043,Malkagufu Dispensary,13616249,5,1,Malkagufu (Wajir North)
24623,Makwasinyi Dispensary,13612436,5,1,Kasigau (Voi)
24145,Makupa (MCM) Dispensary,13613648,5,1,Tudor (Mvita)
24622,Maktau Dispensary,13613618,5,1,Bura(Mwatate) (Mwatate)
24144,Makande Medical Clinic,13613642,5,1,Shimanzi/Ganjoni (Mvita)
23945,Makamini Dispensary,6592420,5,1,Mackinon Road (Kinango)
23993,Majimoto Dispensary,9203871,5,1,Dzombo (Lunga Lunga)
24452,Majengo Disp (Mombasa),13613640,5,1,Majengo (Mvita)
24142,Mainland Centre Magongo,13615814,5,1,Changamwe (Changamwe)
23850,MAIMOON,13617073,5,1,Sabaki (Magarini)
22702,Mai Mahiu Health centre,13612505,5,1,Mai Mahiu (Naivasha)
23315,Magwagwa (SDA) Dispensary,13612205,5,1,Magwagwa (Nyamira North)
23316,Magwagwa Health Centre,13612205,5,1,Magwagwa (Nyamira North)
23967,Magodzoni Dispensary,6592559,5,1,Tiwi (Matuga)
23992,Mafisini Dispensary,6592506,5,1,Ramisi (Msambweni)
23873,Madunguni Dispensary,13617085,5,1,Kakuyuni (Malindi)
22630,Machakos Health Care Centre,13615251,5,1,Muvuti/Kiima-kimwe (Machakos)
23744,Mabati Medical Centre,13617042,5,1,Mariakani (Kaloleni)
23784,Maamba Medical Clinic,13617068,5,1,Mtepeni (Kilifi South)
23943,Lutsangani Dispensary,6538637,5,1,Kinango (Kinango)
22719,Lupida Health Centre,13613763,5,1,Bukhayo North/Walatsi (Nambale)
23991,Lungalunga  Sub County Hospital,6592477,5,1,Vanga (Lunga Lunga)
22742,Lugulu Mission Hospital,13613387,5,1,Misikhu (Webuye West)
24139,Lovic Dermacare Clinic,13615816,5,1,Kipevu (Changamwe)
24537,Loturerei Dispensary,13612522,5,1,Kanamkemer (Turkana Central)
24548,Lorugum Health Centre,13615832,5,1,Turkwel (Loima)
24562,Lorengelup Dispensary,13612527,5,1,Kerio Delta (Turkana Central)
24536,Lokiriama Dispensary,13615827,5,1,Lokiriama/Lorengippi (Loima)
24535,Lodwar County Referral Hospital,13612528,5,1,Lodwar Township (Turkana Central)
23107,Loboi Dispensary,13611680,5,1,Mochongoi (Marigat)
24137,Likoni Nursing Clinic,13614775,5,1,Timbwani (Likoni)
24138,Likoni District Hospital,13614775,5,1,Timbwani (Likoni)
24136,Likoni Community Clinic,13614775,5,1,Timbwani (Likoni)
24134,Likoni Catholic Dispensary,13614775,5,1,Timbwani (Likoni)
22966,Light House For Christ Eye Centre,13613644,5,1,Tononoka (Mvita)
24133,Licodep VCT,13614775,5,1,Timbwani (Likoni)
22871,Liboi Health Centre,13613964,5,1,Liboi (Dadaab)
22911,Libehiya Health centre,13612487,5,1,Arabia (Mandera East)
22994,Liban Pharmacy,13618525,5,1,Khorof/Harar (Wajir East)
22824,Libahlow Dispensary,13614102,5,1,Danyere (Balambala)
23743,Lenga Dispensary,13617049,5,1,Kambe/Ribe (Rabai)
24132,Latulla Medical Centre,13612222,5,1,Mikindani (Jomvu)
23872,Lango Baya Disp (NAWACO),13617087,5,1,Jilore (Malindi)
24032,Lamu Fort VCT,13615306,5,1,Mkomani (Lamu West)
24031,Lamu County Hospital,13615306,5,1,Mkomani (Lamu West)
23074,Lagbogol Dispensary,13612321,5,1,Hadado/Athibohol (Wajir West)
22910,Lafey Sub-District Hosp,13615665,5,1,Lafey (Lafey)
22909,Lafey Nomadic Dispensary,15245721,5,1,Alungo Gof (Lafey)
22993,Lafaley Dispensary,13633643,5,1,Tarbaj (Tarbaj)
22629,Kyawalia Dispensary,13615240,5,1,Kalama (Kalama)
22628,Kyasila (AIC) Dispensary,13615244,5,1,Mua (Machakos)
24621,KWS Dispensary,13612440,5,1,Ngolia (Voi)
23783,Kwetu VCT,13617072,5,1,Shimo La Tewa (Kilifi South)
23871,Kwa Ndomo Medical Clinic,13617073,5,1,Sabaki (Magarini)
24451,Kuze Health Care,13613641,5,1,Mji Wa Kale/Makadara (Mvita)
22991,Kutulo Health Centre (Wajir East),13612631,5,1,Wargadud (Tarbaj)
24130,Kusco First Aid Clinic,13615806,5,1,Airport (Changamwe)
23058,Kursin Health Centre,13618459,5,1,Lagboghoi South (Wajir South)
22823,Kuno Dispensary,13614100,5,1,Balambala (Balambala)
22869,Kumahumato Dispensary,13613953,5,1,Abakaile (Dadaab)
22868,Kulan Health centre,13613964,5,1,Liboi (Dadaab)
24450,KP&TC Staff Clinic,13613641,5,1,Mji Wa Kale/Makadara (Mvita)
22697,Kotile Health Centre,13615261,5,1,Masalani (Ijara)
24557,Kosikiria Dispensary,13612527,5,1,Kerio Delta (Turkana Central)
23042,Korondille Health Centre,13616245,5,1,Korondile (Wajir North)
22847,Korisa Dispensary,13615261,5,1,Masalani (Ijara)
23106,Koriema  Dispensary,13611679,5,1,Marigat (Marigat)
22822,Korakora Health Centre,13615422,5,1,Iftin (Garissa)
24447,Kongowea Health Centre,13655114,5,1,Kongowea (Nyali)
23716,Komotobo Mission HC,13616531,5,1,Nyabasi West (Kuria East)
22627,Kola Health Centre,13615241,5,1,Kola (Kalama)
23105,Kokwo  Dispensary,13611671,5,1,Iichamus (Marigat)
23782,Kizingo Health Centre,13617070,5,1,Mwarakaya (Kilifi South)
23964,Kizibe Disp,6592574,5,1,Mkongani (Matuga)
24028,KiWayuu Dispensary,13610621,5,1,Kiunga (Lamu East)
24027,Kiunga Health Centre,13610621,5,1,Kiunga (Lamu East)
23104,Kituro Health Centre,13615917,5,1,Ewalel/Chapchap (Baringo Central)
22626,Kithayoni Medical Clinic,13615247,5,1,Mumbuni North (Machakos)
23103,Kisok Dispensary,13615954,5,1,Kapropita (Baringo Central)
24446,Kisimani Health Services,13655265,5,1,Frere Town (Nyali)
24618,Kishushe Dispensary,13609823,5,1,Wumingu/Kishushe (Wundanyi)
23102,Kiserian Dispensary,13611683,5,1,Mukutani (Marigat)
23780,Kisauni Medical Clinic,13617061,5,1,Sokoni (Kilifi North)
24459,Kisauni Dispensary,13655265,5,1,Frere Town (Nyali)
24026,Kipungani Dispensary,13615306,5,1,Mkomani (Lamu West)
23101,Kiptagich  Health Centre,13615976,5,1,Sacho (Baringo Central)
23100,Kipsacho Dispensary,13615976,5,1,Sacho (Baringo Central)
23990,Kinondo Kwetu Community,6592511,5,1,Kinondo (Msambweni)
24128,Kingstone Medical Clinic,13615806,5,1,Airport (Changamwe)
22956,King'orani Prison Dispens,13613642,5,1,Shimanzi/Ganjoni (Mvita)
23326,Kinara Hospital,13610653,5,1,Township (Nyamira)
23940,Kinagoni Dispensary,6592437,5,1,Chengoni/Samburu (Kinango)
22625,Kimutwa Dispensary,13615240,5,1,Kalama (Kalama)
23099,Kimalel Health Centre,13611679,5,1,Marigat (Marigat)
22935,Kiliweheri Health centre,13613455,5,1,Kilwehiri (Banissa)
23779,Kilifi Plantation Dispens,13617058,5,1,Mnarani (Kilifi North)
23778,Kilifi County Hospital,13617061,5,1,Sokoni (Kilifi North)
23939,Kilibasi Dispensary,6592420,5,1,Mackinon Road (Kinango)
23988,Kikoneni Health Centre,6592443,5,1,Pongwe/Kikokeni (Lunga Lunga)
23776,Kikambala Catholic M Disp,13617068,5,1,Mtepeni (Kilifi South)
24616,Kighombo Dispensary,13613631,5,1,Ronge (Mwatate)
23962,Kibuyuni Disp,6592571,5,1,Kubo South (Matuga)
24445,Kibokoni Medical Clinic,13613641,5,1,Mji Wa Kale/Makadara (Mvita)
23938,Kibandaongo Dispensary,6538637,5,1,Kinango (Kinango)
23314,Kiang'inda Health Centre,13610636,5,1,Bosamaro (Nyamira)
24615,Kiangachinyi Dispensary,13613637,5,1,Wusi/Kishamba (Mwatate)
22997,Kiambu  County Referal Hospital,13618129,5,1,Township (Kiambu Town)
22715,Khunyangu Sub County Hospital,13617972,5,1,Kingandole (Butula)
22740,Khaoya Dispensary,13612193,5,1,Ndivisi (Webuye East)
22908,Khalalio Health,13612523,5,1,Khalalio (Mandera East)
23739,Khadija Medical Clinic,13617048,5,1,Mwawesa (Rabai)
23312,Kenyoro Health Centre,13612204,5,1,Itibo (Nyamira North)
24126,Kenya Petroleum Refinery,13615814,5,1,Changamwe (Changamwe)
24125,Kenya Navy (MIR) Hospital,13614771,5,1,Mtongwe (Likoni)
24532,Kenya Medical Training Co,13612528,5,1,Lodwar Township (Turkana Central)
23310,Kenyambi Health Centre,13610626,5,1,Bogichora (Nyamira)
23775,Kemri Staff Clinic & VCT,13617061,5,1,Sokoni (Kilifi North)
23309,Kebirigo Mission HC,13609401,5,1,Kiabonyoru (Borabu)
23714,Kebaroti Dispensary,13616531,5,1,Nyabasi West (Kuria East)
24614,Kayanda Dispensary,13612438,5,1,Mbololo (Voi)
23096,Kasitet  Dispensary,13615954,5,1,Kapropita (Baringo Central)
24613,Kasigau RDCH,13612436,5,1,Kasigau (Voi)
22712,Karuturi Hospital,13612507,5,1,Olkaria (Naivasha)
24560,Kapua Dispensary,13612520,5,1,Kalokol (Turkana Central)
23160,Kaptumin Dispensary,13610243,5,1,Kabartonjo (Baringo North)
23159,Kaptum Dispensary,13610243,5,1,Kabartonjo (Baringo North)
23158,Kaptiony Dispensary,13610235,5,1,Barwessa (Baringo North)
23094,Kaptimbor  Dispensary,13615935,5,1,Kabarnet (Baringo Central)
23093,Kaptarakwa Dispensary,13615917,5,1,Ewalel/Chapchap (Baringo Central)
23157,Kapluk Dispensary,13610235,5,1,Barwessa (Baringo North)
23092,Kaplel Dispensary,13615976,5,1,Sacho (Baringo Central)
23091,Kapkures Dispensary (Baringo),13611679,5,1,Marigat (Marigat)
23090,Kapkuei Dispensary,13611679,5,1,Marigat (Marigat)
23089,Kapkole Dispensary,13615935,5,1,Kabarnet (Baringo Central)
23156,Kapkiamo Dispensary,13610243,5,1,Kabartonjo (Baringo North)
23088,Kapkelelwa  Dispensary,13615954,5,1,Kapropita (Baringo Central)
23087,Kapindaism  Dispensary,13611683,5,1,Mukutani (Marigat)
24542,Kangagetei Dispensary,13612525,5,1,Kang'atotha (Turkana Central)
24559,Kanawoi Dispensary,13612522,5,1,Kanamkemer (Turkana Central)
23774,Kanamai Health Care,13617068,5,1,Mtepeni (Kilifi South)
22729,Kamuthe Health Centre,13616365,5,1,Nanighi (Fafi)
22622,Kamuthanga Dispensary,13615250,5,1,Mutituni (Machakos)
23086,Kampi Samaki Health Centr,13611671,5,1,Iichamus (Marigat)
23737,Kambe Dispensary,13617049,5,1,Kambe/Ribe (Rabai)
22884,Kalicha Dispensary,13614997,5,1,Rhamu Dimtu (Mandera North)
24546,Kalemunyang Dispensary,13615820,5,1,Kotaruk/Lobei (Loima)
22621,Kalama Dispensary,13615240,5,1,Kalama (Kalama)
24558,Kakwanyang Dispensary,13612528,5,1,Lodwar Township (Turkana Central)
23870,Kakuyuni Disp (Malindi),13617085,5,1,Kakuyuni (Malindi)
23869,Kakoneni Dispensary,13617087,5,1,Jilore (Malindi)
24124,Kahada Medical Clinic,13612223,5,1,Miritini (Jomvu)
23937,Kafuduni Dispensary,6592427,5,1,Mwavumbo (Kinango)
23773,Kadzinuni Dispensary,13617058,5,1,Mnarani (Kilifi North)
24444,Kaderboy Medical Clinic,13613641,5,1,Mji Wa Kale/Makadara (Mvita)
23772,Kadaina Community Dispens,13617056,5,1,Matsangoni (Kilifi North)
23005,Kabazi Sub County Hospital,13612555,5,1,Kabazi (Subukia)
23004,Kabatini Health Centre,13615678,5,1,Kabatini (Nakuru North)
23085,Kabarnet High School Disp,13615935,5,1,Kabarnet (Baringo Central)
23771,Junju Dispensary,13617067,5,1,Junju (Kilifi South)
24123,Junita Medical Clinic,13615806,5,1,Airport (Changamwe)
24122,Judy Medical Clinic,13612223,5,1,Miritini (Jomvu)
24611,Joy MC (Mwatate),13613629,5,1,Mwatate (Mwatate)
24121,Joy MC (Changamwe),13612222,5,1,Mikindani (Jomvu)
24119,Jomvu Medicalicare Servic,13612221,5,1,Jomvu Kuu (Jomvu)
24118,Jomvu Maternity,13612221,5,1,Jomvu Kuu (Jomvu)
24117,Jomvu Kuu (MCM) Disp,13612221,5,1,Jomvu Kuu (Jomvu)
24116,Joint Medical Clinic,13614775,5,1,Timbwani (Likoni)
23868,Jilore Dispensary,13617087,5,1,Jilore (Malindi)
23735,Jibana Sub District Hospi,13617040,5,1,Kaloleni (Kaloleni)
23770,Jaribuni Dispensary,13617092,5,1,Jaribuni (Ganze)
22820,Jaribu Medical Clinic,13615420,5,1,Galbet (Garissa)
22819,Jarajara Dispensary,13624357,5,1,Jarajara (Balambala)
24441,Jamii Medical Clinic,13655265,5,1,Frere Town (Nyali)
24115,Jamii MC (Kilindini),26407644,5,1,Port Reitz (Changamwe)
24025,Jamii Clinic (mpeketoni),13615294,5,1,Bahari (Lamu West)
24114,Jamhuri Medical Clinic,13615806,5,1,Airport (Changamwe)
24440,Jambo Medical Clinic,13655114,5,1,Kongowea (Nyali)
23866,Jambo Clinic,13617083,5,1,Malindi Town (Malindi)
24685,Jalaram Nursing Home,13615886,5,1,Market Milimani (Kisumu Central)
24439,Jaffery Medical Clinic,13613641,5,1,Mji Wa Kale/Makadara (Mvita)
24113,Jadi Medical Clinic,13612222,5,1,Mikindani (Jomvu)
23055,Itibo Mission Health Centre,13612204,5,1,Itibo (Nyamira North)
24610,Isuwirio Medical Clinic,13609839,5,1,Wundanyi/Mbale (Wundanyi)
22818,Islamic Relief Agency,13615426,5,1,Township (Garissa)
22696,Ijara Health Centre,13615258,5,1,Ijara (Ijara)
22817,Iftin Sub-District Hospit,13615422,5,1,Iftin (Garissa)
22816,Iftin Clinic And Lab Serv,13615422,5,1,Iftin (Garissa)
22814,Ifmaho Medical Clinic and Laboratory,13615427,5,1,Waberi (Garissa)
24024,Ibnusina,13615306,5,1,Mkomani (Lamu West)
24609,Horesha Medical Clinic,13613629,5,1,Mwatate (Mwatate)
24110,Hope MC (Kilindini),13615806,5,1,Airport (Changamwe)
24023,Hongwe Clinic,13615302,5,1,Hongwe (Lamu West)
24684,Hongo Ogosa Health Center,13613880,5,1,Kobura (Nyando)
22700,Holy Trinity,13612505,5,1,Mai Mahiu (Naivasha)
22699,Holy Spirit Health Centre,13613368,5,1,Gilgil (Gilgil)
22987,Hodhan Dispensary,13618528,5,1,Township (Wajir East)
24021,Hindi Prison Dispensary,13615298,5,1,Hindi (Lamu West)
22986,Highway Clinic (Wajir Eas,13618521,5,1,Barwago (Wajir East)
24438,Hekima Medical,13613496,5,1,Mtopanga (Kisauni)
23713,Health Mountain Hospital,13616531,5,1,Nyabasi West (Kuria East)
22906,Hareri Dispensary,13612523,5,1,Khalalio (Mandera East)
22843,Handaro Dispensary,13616767,5,1,Sangailu (Hulugho)
22728,Hagadera Hospital,13616361,5,1,Fafi (Fafi)
23073,Hadado Health Centre,13612321,5,1,Hadado/Athibohol (Wajir West)
22694,Habaswein DH,13618457,5,1,Habasswein (Wajir South)
23712,Gwitembe Health Centre,13616535,5,1,Ntimaru West (Kuria East)
22883,Guticha Dispensary,13614989,5,1,Guticha (Mandera North)
24683,Guru Nanak Dispensary,13615886,5,1,Market Milimani (Kisumu Central)
22866,Gurufa Dispensary,13614799,5,1,Sabena (Lagdera)
23039,Gurar Health Centre,13616240,5,1,Gurar (Wajir North)
22812,Guled Clinic,13615426,5,1,Township (Garissa)
22933,Guba Dispensary,13613443,5,1,Guba (Banissa)
23072,Griftu District Hospital,13612318,5,1,Arbajahan (Wajir West)
24682,Got Nyabondo Dispensary,13615876,5,1,Kajulu (Kisumu East)
23734,Gotani Model Health Centre,13617043,5,1,Kayafungo (Kaloleni)
24107,Gorofani Medical Clinic,13614768,5,1,Bofu (Likoni)
23864,Gongoni Medical Clinic,13617074,5,1,Gongoni (Magarini)
23863,Gongoni Health Centre,13617074,5,1,Gongoni (Magarini)
23987,Gombato Dispensary (CDF),6592507,5,1,Gambato Bongwe (Msambweni)
24681,Gods Will Medical Clinic,13615891,5,1,Nyalenda B (Kisumu Central)
23986,Godo Dispensary,9203873,5,1,Mwereni (Lunga Lunga)
22955,Gk Shimo borstal,13613639,5,1,Shanzu (Kisauni)
22954,GK shimo,13613639,5,1,Shanzu (Kisauni)
24680,GK Prisons Disp (Kibos),13617610,5,1,Kolwa East (Kisumu East)
24530,GK Prisons Dispensary (Turkana Central),13612528,5,1,Lodwar Township (Turkana Central)
23862,GK Prisons Clinic,13617073,5,1,Sabaki (Magarini)
23861,GK Prison Disp ,13617073,5,1,Sabaki (Magarini)
22811,GKPD Garissa,13615426,5,1,Township (Garissa)
22953,Gk Annex,13613639,5,1,Shanzu (Kisauni)
22932,Gither Dispensary ,13613312,5,1,Gither (Mandera West)
24687,Gita Sub County Hospital,13615876,5,1,Kajulu (Kisumu East)
22882,Girissa Dispensary,13615000,5,1,Rhamu (Mandera North)
23733,Giriama Dispensary,13617043,5,1,Kayafungo (Kaloleni)
22706,Gilgil Sub County Hospital,13613368,5,1,Gilgil (Gilgil)
22707,Gilgil Military,13613368,5,1,Gilgil (Gilgil)
24106,Gift Medical Clinic,13615806,5,1,Airport (Changamwe)
23303,Gietai (AIC) Dispensary,13612204,5,1,Itibo (Nyamira North)
23302,Gianchore Dispensary,13610626,5,1,Bogichora (Nyamira)
24608,Ghazi Dispensary,13612440,5,1,Ngolia (Voi)
23301,Getiesi Health Centre,13610626,5,1,Bogichora (Nyamira)
24437,Genesis Medicare,13655266,5,1,Kadzandani (Nyali)
24104,Geca Medical Clinic,13614768,5,1,Bofu (Likoni)
22881,Garsesala Dispensary,57972250,5,1,Kutulo (Kutulo)
23071,Garseqoftu Dispensary,13612318,5,1,Arbajahan (Wajir West)
22810,Garissa TTCD,13615422,5,1,Iftin (Garissa)
22808,Garissa Nursing Home,13615426,5,1,Township (Garissa)
22809,Garissa County Referral Hospital,13615427,5,1,Waberi (Garissa)
23768,Ganze Health Centre,13617091,5,1,Ganze (Ganze)
23070,Ganyure Dispensary,13612324,5,1,Ganyure/Wagalla (Wajir West)
23857,Ganda Dispensary,13617084,5,1,Ganda (Malindi)
22726,Galmagalla Health centre,13616359,5,1,Dekaharia (Fafi)
22842,Furqan Dispensary,13615261,5,1,Masalani (Ijara)
23854,Fundi Issa Dispensary,13617074,5,1,Gongoni (Magarini)
24103,Frontline Clinic,13615806,5,1,Airport (Changamwe)
24102,Freedom Medical Clinic,13614775,5,1,Timbwani (Likoni)
22708,Flamingo  Medical Centre,13612507,5,1,Olkaria (Naivasha)
22905,Fino Health Centre,15245100,5,1,Fino (Lafey)
22880,Fincharo Dispensary,15255979,5,1,Shimbir Fatuma (Mandera South)
24679,FHOPK Disp,13615886,5,1,Market Milimani (Kisumu Central)
24435,FHOK Clinic (Mombasa),13613641,5,1,Mji Wa Kale/Makadara (Mvita)
24019,Faza Hospital,13610616,5,1,Faza (Lamu East)
24433,Family MC (Kisauni),13655265,5,1,Frere Town (Nyali)
22724,Fafi Dispensary,13616361,5,1,Fafi (Fafi)
22931,Eymole Health Centre,13613455,5,1,Kilwehiri (Banissa)
23054,Etono Health Centre,13618568,5,1,Bomwagamo (Nyamira North)
23002,Esther Memorial Nursing H,13615679,5,1,Kiamaina (Nakuru North)
23298,Endiba Health Centre,13609401,5,1,Kiabonyoru (Borabu)
22733,Emmanuel Medical Clinic (,13612193,5,1,Ndivisi (Webuye East)
23069,Elnoor Dispensary,13612315,5,1,Elnur/Tula Tula (Eldas)
24540,Eliye Springs (AIC) Dispensary,13612525,5,1,Kang'atotha (Turkana Central)
24678,Elim Family Community Car,13615901,5,1,Shauri Moyo Kaloleni (Kisumu Central)
22878,Elele Nomadic Clinic,13616271,5,1,Wargudud (Mandera South)
22985,Elben Dispensary,13612567,5,1,Elben (Tarbaj)
22690,Ekerenyo SDH,13618570,5,1,Ekerenyo (Nyamira North)
23851,Ebenezer MC (Malindi),13617083,5,1,Malindi Town (Malindi)
24018,Ebenezer MC (Lamu),13615294,5,1,Bahari (Lamu West)
23767,Dzitsoni Medical Clinic,13617058,5,1,Mnarani (Kilifi North)
24677,Dunga Nursing Home,13615891,5,1,Nyalenda B (Kisumu Central)
23000,Dundori Health Centre,13615674,5,1,Dundori (Nakuru North)
22805,Dujis Health Centre,13614100,5,1,Balambala (Balambala)
22904,Drugmart Medical Clinic,13612551,5,1,Township (Mandera East)
24427,Dr Safdar S Saeed Clinic,13613641,5,1,Mji Wa Kale/Makadara (Mvita)
24413,Dr Kariuki R.F Clinic,13613642,5,1,Shimanzi/Ganjoni (Mvita)
24376,Dr Gikandi Clinic,13613642,5,1,Shimanzi/Ganjoni (Mvita)
24351,Dr Awimbo E. Clinic,13613642,5,1,Shimanzi/Ganjoni (Mvita)
24097,Diplomat Medical Clinic,13615806,5,1,Airport (Changamwe)
23057,Dilmanyaley Health Centre,13618457,5,1,Habasswein (Wajir South)
23056,Diff Health Centre,10693107,5,1,Diif (Wajir South)
24017,Didewaride Dispensary,13615315,5,1,Witu (Lamu West)
23765,Dida Dispensary,13617090,5,1,Sokoke (Ganze)
23984,Diani Health Centre,6592507,5,1,Gambato Bongwe (Msambweni)
22804,Dertu Medical Clinic,13615426,5,1,Township (Garissa)
22864,Dertu Health centre,13613961,5,1,Dertu (Dadaab)
24606,Dembwa Dispensary,13613637,5,1,Wusi/Kishamba (Mwatate)
24096,Delta Medical Clinic,13615806,5,1,Airport (Changamwe)
24605,Dawson Mwanyumba Disp,13613637,5,1,Wusi/Kishamba (Mwatate)
24604,Dawida Medical Clinic,13609839,5,1,Wundanyi/Mbale (Wundanyi)
22984,Dasheq Dispensary,13633643,5,1,Tarbaj (Tarbaj)
22783,Danyere Health Centre,13614102,5,1,Danyere (Balambala)
22930,Dandu Health Center,13613307,5,1,Dandu (Mandera West)
23036,Danaba Health Centre,13616233,5,1,Danaba (Wajir North)
22863,Damajaley Dispensary,13613957,5,1,Damajale (Dadaab)
22862,Dalaheley Nomadic Clinic,13614786,5,1,Maalamin (Lagdera)
23843,Dagamra Dispensary,13617080,5,1,Garashi (Magarini)
23051,Dagahley Dispensary,13618447,5,1,Benane (Wajir South)
22861,Dagahaley Hospital,13613957,5,1,Damajale (Dadaab)
22860,Dadaab SCH,13613954,5,1,Dadaab (Dadaab)
24344,Crystal Medical Centre,13655114,5,1,Kongowea (Nyali)
23842,Cowdray Dispensary,13617065,5,1,Watamu (Kilifi North)
24206,Consolata Sisters Stella Maris MC,13614775,5,1,Timbwani (Likoni)
22952,Coast PGH,13613644,5,1,Tononoka (Mvita)
22968,CLOSED New Nyali Paeds Hospital,13655176,5,1,Ziwa La Ng'ombe (Nyali)
24436,CLOSED Gama Medical Clinic,13613496,5,1,Mtopanga (Kisauni)
24085,C Kasunas Clinic,13615806,5,1,Airport (Changamwe)
22619,Chriswin Medical Clinic,13615255,5,1,Machakos Central (Machakos)
23841,Chimbiriro Clinic,13617074,5,1,Gongoni (Magarini)
24675,Chiga Health Center,13617610,5,1,Kolwa East (Kisumu East)
24093,Changamwe Maternity,13615806,5,1,Airport (Changamwe)
23839,Chamari Dispensary,13617078,5,1,Marafa (Magarini)
23818,Chamalo Medical Clinic,13617091,5,1,Ganze (Ganze)
23731,Chalani Medical Clinic,13617040,5,1,Kaloleni (Kaloleni)
23730,Chalani Dispensary,13617040,5,1,Kaloleni (Kaloleni)
23838,Chakama Dispensary,13617077,5,1,Adu (Magarini)
24673,Central Clinic (Kisumu Ea,13615882,5,1,Kondele (Kisumu Central)
24089,Catholic MC (Jomvu),13615806,5,1,Airport (Changamwe)
24087,Camp David Medical Clinic,13615810,5,1,Chaani (Changamwe)
24086,California Medical Clinic,13614772,5,1,Shika Adabu (Likoni)
22718,Butula Mission Health Cen,26407616,5,1,Marachi North (Butula)
23035,Bute District Hospital,13616230,5,1,Bute (Wajir North)
22714,Busia County Referral Hospital,13618397,5,1,Burumba (Matayos)
22903,Buruburu Dispensary,13612536,5,1,Neboi (Mandera East)
22929,Burduras Health Centre,13613312,5,1,Gither (Mandera West)
24528,Bura Mission Dispensary,13613618,5,1,Bura(Mwatate) (Mwatate)
22725,Bura District Hospital,13616357,5,1,Bura (Fafi)
22716,"Bumala ""A"" Health Centre",13617980,5,1,Marachi West (Butula)
24526,Bughuta Health centre,13612436,5,1,Kasigau (Voi)
24084,Brollo K Dispensary,13615806,5,1,Airport (Changamwe)
22780,Bouralgy Dispensary,13615422,5,1,Iftin (Garissa)
22692,Bosiango Health Centre,13610626,5,1,Bogichora (Nyamira)
23081,Borrowonin  Dispensary,13615954,5,1,Kapropita (Baringo Central)
22877,Bore Hole 11 Health centr,57972250,5,1,Kutulo (Kutulo)
24339,Borabu Medical Clinic,13613639,5,1,Shanzu (Kisauni)
24338,Bona Medical Clinic,13613496,5,1,Mtopanga (Kisauni)
24083,Bomu MC (Likoni),13614775,5,1,Timbwani (Likoni)
23761,Bomani Dispensary,13617067,5,1,Junju (Kilifi South)
22752,Bolimoog Clinic,13615426,5,1,Township (Garissa)
22730,Bokoli Hospital,13609897,5,1,Bokoli (Webuye West)
22727,Bokoli Base Clinic,13609897,5,1,Bokoli (Webuye West)
24081,Bokole CDF Health Centre,13615806,5,1,Airport (Changamwe)
23934,Bofu Dispensary,6592410,5,1,Kasemeni (Kinango)
22900,Blue Light Nursing Home,13612551,5,1,Township (Mandera East)
23048,Biyamadhow Health Centre,13618447,5,1,Benane (Wajir South)
22618,Bishop Kioko Catholic Hospital,13615255,5,1,Machakos Central (Machakos)
23727,Bengo Medical Clinic,13617047,5,1,Rabai/Kisurutini (Rabai)
22858,Benane Health Centre,13614779,5,1,Benane (Lagdera)
23084,BCRH,13615935,5,1,Kabarnet (Baringo Central)
23033,Batalu Dispensary,13616228,5,1,Batalu (Wajir North)
23067,Basir Dispensary,13612311,5,1,Lakoley South/Basir (Eldas)
22950,Barwaqo Dispensary,13618521,5,1,Barwago (Wajir East)
23149,Bartabwa  Healty Centre,13613453,5,1,Bartabwa (Baringo North)
23079,Barnet Memorial Clinic,13615935,5,1,Kabarnet (Baringo Central)
22857,Baraki Dispensary,13614778,5,1,Baraki (Lagdera)
24077,Baraka Medicalicare Clini,13615806,5,1,Airport (Changamwe)
24327,Baraka MC (Vikwatani),13613496,5,1,Mtopanga (Kisauni)
24015,Baraka MC (mpeketoni),13615294,5,1,Bahari (Lamu West)
24313,Baobab Clinic - Bamburi Cement,13655266,5,1,Kadzandani (Nyali)
22928,Banisa sub county Hospital,13613412,5,1,Banissa (Banissa)
22898,Banadir Clinic,13612551,5,1,Township (Mandera East)
24516,Bamburi Vikwatani  Medical Clinic,13613496,5,1,Mtopanga (Kisauni)
24308,Bamburi Medicare,13655266,5,1,Kadzandani (Nyali)
22751,Balich Dispensary,13615424,5,1,Sankuri (Garissa)
22750,Balambala Sub-District Hospital,13614100,5,1,Balambala (Balambala)
24296,Bakarani Gulshan Dispensa,13613640,5,1,Majengo (Mvita)
24294,Bakarani Community Clinic,13655265,5,1,Frere Town (Nyali)
23011,Bahati Rural Health Centre,13615670,5,1,Bahati (Nakuru North)
22999,Bahati District Hospital,13615670,5,1,Bahati (Nakuru North)
24076,Bahari Medical Clinic,13614775,5,1,Timbwani (Likoni)
24292,Badria Medical Clinic,13655114,5,1,Kongowea (Nyali)
24290,Azimio Medical Centre,13613648,5,1,Tudor (Mvita)
24075,Ava First Aid Clinic,13615806,5,1,Airport (Changamwe)
23148,Atiar  Dispensary,13613453,5,1,Bartabwa (Baringo North)
22876,Ashabito health centre,26407636,5,1,Ashabito (Mandera North)
22897,Aresa Dispensary,13612523,5,1,Khalalio (Mandera East)
22948,Arbaqueranso Dispensary,13618525,5,1,Khorof/Harar (Wajir East)
23065,Arbajahan Nomadic Mobile,13612319,5,1,Ademasajide (Wajir West)
23064,Arbajahan Health Centre,13612318,5,1,Arbajahan (Wajir West)
22617,Apdk Dispensary (Machakos),13615255,5,1,Machakos Central (Machakos)
24071,Ansar Medical Clinic,13612223,5,1,Miritini (Jomvu)
24070,Amurt Likoni Clinic,13614768,5,1,Bofu (Likoni)
22723,Amuma Mobile Dispensary,13616361,5,1,Fafi (Fafi)
22722,Amuma Dispensary,13616362,5,1,Jarajila (Fafi)
23052,Amatierio H C,13609401,5,1,Kiabonyoru (Borabu)
23832,Amani Medical Clinic (Malindi),13617077,5,1,Adu (Magarini)
24069,Amani MC (Likoni),13614768,5,1,Bofu (Likoni)
24068,Amani MC (Jomvu),13612221,5,1,Jomvu Kuu (Jomvu)
23757,Amani Family Medical Clinic,13617053,5,1,Dabaso (Kilifi North)
22894,Al-Siha Nursing Home,13612551,5,1,Township (Mandera East)
24062,Al Riyadh Medical Clinic,13615806,5,1,Airport (Changamwe)
24067,Alriyadh Medical Clinic,13615806,5,1,Airport (Changamwe)
24066,Alpesan Medical Clinic,13615806,5,1,Airport (Changamwe)
22747,Al-Maqdis ENT Clinic,13615426,5,1,Township (Garissa)
22721,Alinjugur Health Centre,13616362,5,1,Jarajila (Fafi)
22945,Alimaow Health Centre,13618528,5,1,Township (Wajir East)
22850,Alikune Dispensary,13613953,5,1,Abakaile (Dadaab)
22944,Al-Haqq Medical Clinic,13618528,5,1,Township (Wajir East)
22942,Al-Furaqan Clinic,13618528,5,1,Township (Wajir East)
22963,Al Faroque Hospital,13613644,5,1,Tononoka (Mvita)
24277,Al-Bir Medical Centre,13613641,5,1,Mji Wa Kale/Makadara (Mvita)
22744,Al-Aqsa Medical Clinic,13615426,5,1,Township (Garissa)
22743,Al anasar Medical Clinic,13615426,5,1,Township (Garissa)
23032,Ajawa Health Centre,13616233,5,1,Danaba (Wajir North)
23147,Aiyebo Dispensary,26407666,5,1,Saimoi/Kipsaraman (Baringo North)
23726,Ahadi Medical clinic,13617042,5,1,Mariakani (Kaloleni)
22962,Aga Khan Hospital (Mombas,13613642,5,1,Shimanzi/Ganjoni (Mvita)
22741,Afya Medical Clinic (Garissa),13615426,5,1,Township (Garissa)
22940,Afya MC (Wajir East),13618528,5,1,Township (Wajir East)
24525,Afya Clinic,13609839,5,1,Wundanyi/Mbale (Wundanyi)
24059,Afya Bora MC (Kilindini),13615806,5,1,Airport (Changamwe)
22939,Africa Inland Church Dispensary,13618531,5,1,Wagberi (Wajir East)
23829,Adu Dispensary,13617077,5,1,Adu (Magarini)
24669,Admin Police Dispensary,13615895,5,1,Railways (Kisumu Central)
23063,Ademasajida Dispensary,13612319,5,1,Ademasajide (Wajir West)
24524,Acode MC Maungu,16648209,5,1,Marungu (Voi)
22490,Abakore Sub District Hospital,13618457,5,1,Habasswein (Wajir South)
22891,Yabicho Health centre,13614997,5,2,Rhamu Dimtu (Mandera North)
24056,Witu Health Centre,13615315,5,2,Witu (Lamu West)
23932,Watamu Maternity and NH,13617065,5,2,Watamu (Kilifi North)
23931,Watamu Dispensary,13617065,5,2,Watamu (Kilifi North)
24250,Wananchi Medical Clinic,13614775,5,2,Timbwani (Likoni)
22835,Wamo Clinic,13615426,5,2,Township (Garissa)
23927,Upendo Health Care Clinic,13617087,5,2,Jilore (Malindi)
24011,Ukunda PHC,6592508,5,2,Ukunda (Msambweni)
24009,Ukunda Catholic Dispensar,6592508,5,2,Ukunda (Msambweni)
23926,Tumaini Medical Clinic (Malindi),13617074,5,2,Gongoni (Magarini)
23959,Tumaini Medical Clinic,6592437,5,2,Chengoni/Samburu (Kinango)
23076,Tulatula Dispensary,13612324,5,2,Ganyure/Wagalla (Wajir West)
24242,Trinity MC (Kilindini),13615810,5,2,Chaani (Changamwe)
23924,Timboni Community Dispensary,13617053,5,2,Dabaso (Kilifi North)
23922,Tawfiq Muslim Hospital,13617083,5,2,Malindi Town (Malindi)
24658,Tausa Health Centre,13612438,5,2,Mbololo (Voi)
23920,Subira Medical Clinic,13617083,5,2,Malindi Town (Malindi)
24203,St Valentine MC,13615806,5,2,Airport (Changamwe)
23815,St Theresa Dispensary,13617070,5,2,Mwarakaya (Kilifi South)
23338,St Norah clinc,13609401,5,2,Kiabonyoru (Borabu)
23913,St Mary's MC (Malindi),13617077,5,2,Adu (Magarini)
24554,St Mary Kalokol Primary Health Care Programme,13612520,5,2,Kalokol (Turkana Central)
22641,St Francis Medical Clinic,13615241,5,2,Kola (Kalama)
23909,Sosoni Dispensary,13617078,5,2,Marafa (Magarini)
24053,Sloam Medical Clinic,13615294,5,2,Bahari (Lamu West)
22889,Shimbir Fatuma HC,15255979,5,2,Shimbir Fatuma (Mandera South)
24187,Sevani Medical Centre,13614772,5,2,Shika Adabu (Likoni)
24487,Savana Medical Clinic,13613494,5,2,Mjambere (Kisauni)
23062,Sarif Health Centre,13618447,5,2,Benane (Wajir South)
24185,Santa Maria MC,13614775,5,2,Timbwani (Likoni)
23955,Samburu Health Centre,6592437,5,2,Chengoni/Samburu (Kinango)
22828,Saka Health Centre,13614104,5,2,Saka (Balambala)
24653,Sagaighu Dispensary,13613618,5,2,Bura(Mwatate) (Mwatate)
23791,Rimarapera Dispensary,13617088,5,2,Bamba (Ganze)
23334,Riakinaro Health Centre,13610630,5,2,Bonyamatuta (Nyamira)
24183,Ranatu Dispensary,13615806,5,2,Airport (Changamwe)
23901,Ramada Dispensary,13617077,5,2,Adu (Magarini)
22970,Pandya Memorial Hospital,13613642,5,2,Shimanzi/Ganjoni (Mvita)
23038,Ogomdi Health Centre NEP,13616237,5,2,Godoma (Wajir North)
23117,Ochii Dispensary,13615993,5,2,Tenges (Baringo Central)
23328,Nyangweta Health Centre,13610636,5,2,Bosamaro (Nyamira)
22969,Nyali Children Hospital,13655176,5,2,Ziwa La Ng'ombe (Nyali)
24650,Nyache Health Centre,13609823,5,2,Wumingu/Kishushe (Wundanyi)
23720,Ntimaru Clinic,13616535,5,2,Ntimaru West (Kuria East)
23977,Ng'ombeni Dispensary,6592543,5,2,Waa Ng'ombeni (Matuga)
23806,Ngerenya Dispensary,13617062,5,2,Tezo (Kilifi North)
22636,Ngelani (AIC) Dispensary,13615250,5,2,Mutituni (Machakos)
24005,Ngathini Dispensary,6592477,5,2,Vanga (Lunga Lunga)
23769,New Heri Medical Centre,13617062,5,2,Tezo (Kilifi North)
24648,Ndome Dispensary (Taita),13612440,5,2,Ngolia (Voi)
23953,Ndavaya Health centre,6538688,5,2,Ndavaya (Kinango)
24046,Ndau Dispensary,13610621,5,2,Kiunga (Lamu East)
24551,Napeililim Dispensary,13615832,5,2,Turkwel (Loima)
24544,Nakurio Dispensary,13612527,5,2,Kerio Delta (Turkana Central)
23015,Najah Medical Clinic,13618525,5,2,Khorof/Harar (Wajir East)
23896,Mwichens Medical Clinic,13617083,5,2,Malindi Town (Malindi)
23895,Mwawesa Medical Clinic,13617083,5,2,Malindi Town (Malindi)
24645,Mwatate Sisal Estate Clin,13613623,5,2,Chawia (Mwatate)
23805,Mwanzo Medical Clinic,13617072,5,2,Shimo La Tewa (Kilifi South)
24642,Mwambirwa  Health Centre,13613631,5,2,Ronge (Mwatate)
23975,Mwaluvanga Disp,6592571,5,2,Kubo South (Matuga)
23892,Muyeye Medical Clinic,13617081,5,2,Shella (Malindi)
23801,Mtondia Dispensary,13617062,5,2,Tezo (Kilifi North)
23796,Msumarini Dispensary,13617068,5,2,Mtepeni (Kilifi South)
22967,Mombasa Hospital,13613641,5,2,Mji Wa Kale/Makadara (Mvita)
23318,Mokomoni Health Centre,13609401,5,2,Kiabonyoru (Borabu)
24635,Moi County Referral Hospital  Voi,13612438,5,2,Mbololo (Voi)
23794,Mnarani Dispensary,13617058,5,2,Mnarani (Kilifi North)
23888,Mkuyuni MC(Dr.Ngogoyo MC),13617081,5,2,Shella (Malindi)
23972,Mkundi Dispensary,6592571,5,2,Kubo South (Matuga)
23971,Mkongani Health Centre,6592574,5,2,Mkongani (Matuga)
23792,Mirihini Dispensary,13617091,5,2,Ganze (Ganze)
24157,Mikindani (MCM) Dispensar,13612222,5,2,Mikindani (Jomvu)
24156,Mikanjuni Medical Clinic,13612221,5,2,Jomvu Kuu (Jomvu)
23886,Mijomboni Dispensary,13617053,5,2,Dabaso (Kilifi North)
24632,Mgange Nyika Dispensary,13609799,5,2,Mwanda/Mgange (Wundanyi)
23856,Meridian hospital,13617073,5,2,Sabaki (Magarini)
23788,Menengai Health Care Serv,13617072,5,2,Shimo La Tewa (Kilifi South)
24267,Memon Medical Centre,13613644,5,2,Tononoka (Mvita)
24037,Mbwajumwali Dispensary,13610616,5,2,Faza (Lamu East)
24149,Mbuta Model Health Centre,13614771,5,2,Mtongwe (Likoni)
23970,Mbuguni Disp,6592529,5,2,Tsimba Golini (Matuga)
24036,Matondoni Dispensary,13615306,5,2,Mkomani (Lamu West)
23885,Matolani Dispensary,13617077,5,2,Adu (Magarini)
24455,Mary Immaculate H(Mombasa,13613644,5,2,Tononoka (Mvita)
23746,Mariakani Clinic,13617042,5,2,Mariakani (Kaloleni)
23012,Mansa Nomadic Clinic,13612627,5,2,Sarman (Tarbaj)
22915,Mandera Medicare Nursing Home,13612551,5,2,Township (Mandera East)
22912,Mandera county referral Hospital,13612536,5,2,Neboi (Mandera East)
23995,Mamba Community Dispensary,9203871,5,2,Dzombo (Lunga Lunga)
23876,Malindi SCH,13617081,5,2,Shella (Malindi)
23877,Malindi Care Services LTD,13617083,5,2,Malindi Town (Malindi)
23875,Malanga (AIC) Dispensary,13617090,5,2,Sokoke (Ganze)
23718,Makararangwe Dispensary,13616535,5,2,Ntimaru West (Kuria East)
23994,Majoreni Dispensary,6592443,5,2,Pongwe/Kikokeni (Lunga Lunga)
23874,Madunguni Medical Clinic,13617085,5,2,Kakuyuni (Malindi)
23944,Mackinon Road Dispensary,6592420,5,2,Mackinon Road (Kinango)
24140,Mackinnon Medical Clinic,13614775,5,2,Timbwani (Likoni)
24561,Lomil Dispensary,13615832,5,2,Turkwel (Loima)
24547,Lochoraikeny Dispensary,13612525,5,2,Kang'atotha (Turkana Central)
23059,Leheley Sub District Hospital,13618459,5,2,Lagboghoi South (Wajir South)
24033,Langoni Nursing Home,13615306,5,2,Mkomani (Lamu West)
24030,Lamu Clinic,13615306,5,2,Mkomani (Lamu West)
23965,Kwale District Hospital,6592529,5,2,Tsimba Golini (Matuga)
22885,KUTULO SUB-COUNTY HOSPITAL,57972250,5,2,Kutulo (Kutulo)
23717,Kugitimo Health Centre,13618333,5,2,Nyabasi East (Kuria East)
24534,Kopeeto Dispensary,13615820,5,2,Kotaruk/Lobei (Loima)
23742,Kombeni Dispensary,13617046,5,2,Ruruma (Rabai)
23741,Kokotoni Dispen,13617047,5,2,Rabai/Kisurutini (Rabai)
24686,K-Met Medical Clinic,13615877,5,2,Kolwa Central (Kisumu East)
24029,Kizingitini Dispensary,13610616,5,2,Faza (Lamu East)
23781,Kiwandani Dispensary,13617061,5,2,Sokoni (Kilifi North)
23740,Kinarani Dispensary,13617045,5,2,Mwanamwinga (Kaloleni)
23941,Kinango Sub County Hospital,6538637,5,2,Kinango (Kinango)
23989,Kilimangodo Dispensary,9203873,5,2,Mwereni (Lunga Lunga)
23777,Kikambala Medical Service,13617068,5,2,Mtepeni (Kilifi South)
22624,Kiitini Dispensary,13615240,5,2,Kalama (Kalama)
23098,Kiboino  Dispensary,13615935,5,2,Kabarnet (Baringo Central)
23097,Kibingor  Dispensary,13611679,5,2,Marigat (Marigat)
22990,K/ Harar S DistHosp,13618525,5,2,Khorof/Harar (Wajir East)
24533,Kerio Health Centre,13612527,5,2,Kerio Delta (Turkana Central)
23715,Kegonga Sub County Hospital,13618333,5,2,Nyabasi East (Kuria East)
22623,Katumani Dispensary,13615240,5,2,Kalama (Kalama)
23095,Kasiela Dispensary,13611680,5,2,Mochongoi (Marigat)
24531,Kangatosa Dispensary,13612525,5,2,Kang'atotha (Turkana Central)
24541,Kalokol (AIC) Health Cent,13612520,5,2,Kalokol (Turkana Central)
24612,Kajire Dispensary,13612442,5,2,Sagala (Voi)
23736,Joy Medical Clinic,13617049,5,2,Kambe/Ribe (Rabai)
24443,Jordan Medical Clinic,13613496,5,2,Mtopanga (Kisauni)
23041,Iresteno Dispensary,13616240,5,2,Gurar (Wajir North)
23040,Ingirir Dispensary,13616249,5,2,Malkagufu (Wajir North)
23003,Ime (AIC) Dispensary,13612555,5,2,Kabazi (Subukia)
23083,Ilinga'rua Dispensary,13611671,5,2,Iichamus (Marigat)
23308,Ikonge Dispensary,13618570,5,2,Ekerenyo (Nyamira North)
22695,Ijara District Hospital,13615261,5,2,Masalani (Ijara)
23307,Igena-Itambe Dispensary,13610636,5,2,Bosamaro (Nyamira)
22867,Ifo Hospital,13613954,5,2,Dadaab (Dadaab)
22988,Hungai Dispensary,13612631,5,2,Wargadud (Tarbaj)
22845,Hulugho Sub-Dist Hospital,13616763,5,2,Hulugho (Hulugho)
24020,Hindi Magogoni Dispensary,13615298,5,2,Hindi (Lamu West)
23814,Havilah Health Care,13617092,5,2,Jaribuni (Ganze)
23306,Happy Magwagwa Clinic,13612205,5,2,Magwagwa (Nyamira North)
23833,Hakuna Matata Medical Clinic,13617081,5,2,Shella (Malindi)
23304,Gisage Dispensary,13612205,5,2,Magwagwa (Nyamira North)
23710,Getongoroma Health Centre,13618333,5,2,Nyabasi East (Kuria East)
23859,Gede Health Centre,13617053,5,2,Dabaso (Kilifi North)
23858,Garashi Dispensary,13617080,5,2,Garashi (Magarini)
23709,Gairoro Dispensary,13616535,5,2,Ntimaru West (Kuria East)
23300,Family Saver Medical Clinic,13618570,5,2,Ekerenyo (Nyamira North)
22806,Excel Health Services,13615426,5,2,Township (Garissa)
22865,Eldere Dispensary,13614793,5,2,Modogashe (Lagdera)
24100,Eden Medical Clinic,13612222,5,2,Mikindani (Jomvu)
23766,Dzikunze Dispensary,13617090,5,2,Sokoke (Ganze)
23037,Dugo Health Centre,13616237,5,2,Godoma (Wajir North)
24418,Dr Marami Clinic,13613642,5,2,Shimanzi/Ganjoni (Mvita)
22983,Dambas Health Centre,13612627,5,2,Sarman (Tarbaj)
23732,Dagamra Medical Clinic,13617047,5,2,Rabai/Kisurutini (Rabai)
23050,Dadajabula Sub District Hospital,13618453,5,2,Dadaja Bulla (Wajir South)
24094,Corner Chaani MC,13615810,5,2,Chaani (Changamwe)
24462,CLOSED Mjeni Medical Clinic,13655114,5,2,Kongowea (Nyali)
23708,Chinato Health Centre,13616531,5,2,Nyabasi West (Kuria East)
24091,Chaani (MCM) Dispensary,13615810,5,2,Chaani (Changamwe)
24088,Canaan Medical Clinic,13612223,5,2,Miritini (Jomvu)
23729,Bwagamoyo Dispensary,13617048,5,2,Mwawesa (Rabai)
23049,Burder Health Centre,13618450,5,2,Burder (Wajir South)
23900,Burangi Dispesary,13617076,5,2,Magarini (Magarini)
24527,Bura Disp (Taita Taveta),13613618,5,2,Bura(Mwatate) (Mwatate)
23034,Buna Sub-Dist Hospital,13616228,5,2,Batalu (Wajir North)
22841,Bultohama Dispensary,13616767,5,2,Sangailu (Hulugho)
22781,Bula Mzuri Dispensary,13615427,5,2,Waberi (Garissa)
22901,Bp1 Dispensary,13612536,5,2,Neboi (Mandera East)
23728,Bombululu Medical Clinic,13617040,5,2,Kaloleni (Kaloleni)
23837,Bombi Dispensary,13617077,5,2,Adu (Magarini)
22899,Bismillahi Medical Clinic,13612551,5,2,Township (Mandera East)
23080,Bekibon Dispensary,13611679,5,2,Marigat (Marigat)
22949,Barwaqo Clinic,13618521,5,2,Barwago (Wajir East)
23150,Bartolimo  Dispensary,26407666,5,2,Saimoi/Kipsaraman (Baringo North)
23834,Baolala Dispensary,13617087,5,2,Jilore (Malindi)
24297,Bamburi Dispensary,13655266,5,2,Kadzandani (Nyali)
23759,Bamba SCH,13617088,5,2,Bamba (Ganze)
23760,Bamba Maternity Nursing Home,13617088,5,2,Bamba (Ganze)
24672,Avenue Health Care Clinic,13615886,5,2,Market Milimani (Kisumu Central)
24287,Avenue Health Care,13613642,5,2,Shimanzi/Ganjoni (Mvita)
23066,Athibohol Dispensary,13612321,5,2,Hadado/Athibohol (Wajir West)
23047,Argane Dispensary,13618458,5,2,Ibrahim Ure (Wajir South)
22896,Arabia Health Centre,13612487,5,2,Arabia (Mandera East)
24063,Al-Bir Medical Centre (Kilindini),13615816,5,2,Kipevu (Changamwe)
24670,Aga Khan Hospital (Kisumu,13615886,5,2,Market Milimani (Kisumu Central)
23831,Afya Bora MC (Malindi),13617077,5,2,Adu (Magarini)
22839,Zakma Clinic,13615427,5,3,Waberi (Garissa)
24014,Wasini Dispensary,6592443,5,3,Pongwe/Kikokeni (Lunga Lunga)
23825,Vutakaka Medical Clinic,13617058,5,3,Mnarani (Kilifi North)
24013,Vitsangalaweni Dispensary,9203871,5,3,Dzombo (Lunga Lunga)
23755,Union Dispensary,13617046,5,3,Ruruma (Rabai)
23820,Tumaini Medical Cl Dzitso,13617066,5,3,Chasimba (Kilifi South)
23816,Sun N' Sand Medical Clinic,13617068,5,3,Mtepeni (Kilifi South)
24052,Siu Dispensary,13610616,5,3,Faza (Lamu East)
24190,Singawa Medical Clinic,13614768,5,3,Bofu (Likoni)
23978,Shimba Hills HC,6592571,5,3,Kubo South (Matuga)
24189,Shika Adabu  Dispensary,13614772,5,3,Shika Adabu (Likoni)
24488,Sayyida Fatimah Hospital,13655265,5,3,Frere Town (Nyali)
24477,Saifee Foundation MC,13613644,5,3,Tononoka (Mvita)
23904,Saba Saba Medical Clinic,13617081,5,3,Shella (Malindi)
23021,Riba Dispensary,13618525,5,3,Khorof/Harar (Wajir East)
22887,Rhamu hospital,13615000,5,3,Rhamu (Mandera North)
23811,REA Vipingo Dispensary,13617067,5,3,Junju (Kilifi South)
23954,Pendo MC (Kinango),6538637,5,3,Kinango (Kinango)
22886,Ollo Health Centre,13614989,5,3,Guticha (Mandera North)
24173,NYS Dispensary (Likoni),13614771,5,3,Mtongwe (Likoni)
24172,New Road Medical  icare,13615810,5,3,Chaani (Changamwe)
24171,Neighbours Medical Clinic,13615806,5,3,Airport (Changamwe)
23974,Mwaluphamba Disp,6592574,5,3,Mkongani (Matuga)
24001,Muhaka Dispensary,6592511,5,3,Kinondo (Msambweni)
24639,Mrughua Dispensary,13613618,5,3,Bura(Mwatate) (Mwatate)
23999,Mrima  Dispensary,9203871,5,3,Dzombo (Lunga Lunga)
23887,Mizijini Dispensary,13617078,5,3,Marafa (Magarini)
23787,Matsangoni  Health centre,13617056,5,3,Matsangoni (Kilifi North)
24035,Maria Teressa Nuzzo Health Centre,13615294,5,3,Bahari (Lamu West)
23879,Mambrui Dispensary,13617076,5,3,Magarini (Magarini)
23878,Malindi Sea Breeze,13617081,5,3,Shella (Malindi)
23745,Makanzani Dispensary,13617046,5,3,Ruruma (Rabai)
24143,Mainview Medical Clinic,13615806,5,3,Airport (Changamwe)
24141,Magongo (MCM) Dispensary,13615814,5,3,Changamwe (Changamwe)
23785,Madamani Dispensary,13617090,5,3,Sokoke (Ganze)
23966,Lukore Disp,6592571,5,3,Kubo South (Matuga)
24563,Lorengippi Dispensary,13615827,5,3,Lokiriama/Lorengippi (Loima)
24620,Kwa-Mnegwa Dispensary,13613618,5,3,Bura(Mwatate) (Mwatate)
23963,K/simba Disp,6592571,5,3,Kubo South (Matuga)
22965,Kiembeni Community Hospital,13613486,5,3,Bamburi (Kisauni)
23738,Kambe Kikomani MC,13617040,5,3,Kaloleni (Kaloleni)
22964,Jocham Hospital,13613490,5,3,Magogoni (Kisauni)
24022,Hongwe Catholic Dispensar,13615302,5,3,Hongwe (Lamu West)
22934,Health Bridge Medical Cli,13613322,5,3,Takaba (Mandera West)
22844,Hara Health Centre,13615261,5,3,Masalani (Ijara)
23711,Girigiri Dispensary,13618333,5,3,Nyabasi East (Kuria East)
23860,Gede Medical Clinic,13617053,5,3,Dabaso (Kilifi North)
23855,Gahaleni Dispensary,13617084,5,3,Ganda (Malindi)
23985,Eshu Dispensary,6592506,5,3,Ramisi (Msambweni)
23053,Embonga Health Centre,13610626,5,3,Bogichora (Nyamira)
22879,Elwak District Hospital,13616267,5,3,Elwak North (Mandera South)
23068,Eldas Health Centre,13612313,5,3,Eldas (Eldas)
24098,Doga Clinic,13615806,5,3,Airport (Changamwe)
22782,Daley Dispensary,13614104,5,3,Saka (Balambala)
23961,Cornerstone MC,6592529,5,3,Tsimba Golini (Matuga)
24343,Corner Medical Clinic,13613496,5,3,Mtopanga (Kisauni)
24342,Community MC(Kongowea),13655114,5,3,Kongowea (Nyali)
23763,Chizi Medical Clinic,13617066,5,3,Chasimba (Kilifi South)
23082,Cheplambus Dispensary,13615993,5,3,Tenges (Baringo Central)
23762,Chasimba Health Centre,13617066,5,3,Chasimba (Kilifi South)
23297,Chaina Dispensary,13612204,5,3,Itibo (Nyamira North)
24092,Chaani Maternity,13615810,5,3,Chaani (Changamwe)
24082,Bomu Medical Hospital (Changamwe),26407644,5,3,Port Reitz (Changamwe)
23835,Baricho Disp ,13617080,5,3,Garashi (Magarini)
24016,Bargoni Nys Dispensary,13615298,5,3,Hindi (Lamu West)
23758,Amani MC (Kilifi),13617058,5,3,Mnarani (Kilifi North)
24061,Akemo Medical Clinic,13614775,5,3,Timbwani (Likoni)
24671,Airport Health Centre (Kisumu),13612491,5,3,Central Kisumu (Kisumu West)
23828,ADC Danisa Dispensary,13617077,5,3,Adu (Magarini)
23031,Adadijolle Dispensary,13616230,5,3,Bute (Wajir North)
24495,Shimo La Tewa High School,13613639,5,0,Shanzu (Kisauni)
24466,Mvita Dispensary,13613640,5,0,Majengo (Mvita)
24676,Disciples of Mercy Clinic,13615876,5,0,Kajulu (Kisumu East)
